-- ============================================
-- THACO MKT Budget — Seed Data
-- ============================================

-- Organization
INSERT INTO thac_organizations (id, name, code) VALUES
  ('00000000-0000-0000-0000-000000000001', 'THACO Auto Hà Nội', 'THACO_HN')
ON CONFLICT (code) DO NOTHING;

-- Showrooms (11 showrooms from Excel)
INSERT INTO thac_showrooms (id, org_id, name, code) VALUES
  ('10000000-0000-0000-0000-000000000001', '00000000-0000-0000-0000-000000000001', 'Phạm Văn Đồng', 'PVD'),
  ('10000000-0000-0000-0000-000000000002', '00000000-0000-0000-0000-000000000001', 'Đông Trù', 'DT'),
  ('10000000-0000-0000-0000-000000000003', '00000000-0000-0000-0000-000000000001', 'Giải Phóng', 'GP'),
  ('10000000-0000-0000-0000-000000000004', '00000000-0000-0000-0000-000000000001', 'Bạch Đằng/TKC', 'BD_TKC'),
  ('10000000-0000-0000-0000-000000000005', '00000000-0000-0000-0000-000000000001', 'Nguyễn Văn Cừ', 'NVC'),
  ('10000000-0000-0000-0000-000000000006', '00000000-0000-0000-0000-000000000001', 'Đài Tư', 'DAI_TU'),
  ('10000000-0000-0000-0000-000000000007', '00000000-0000-0000-0000-000000000001', 'BMW Long Biên', 'BMW_LB'),
  ('10000000-0000-0000-0000-000000000008', '00000000-0000-0000-0000-000000000001', 'Lê Văn Lương (BMW)', 'LVL'),
  ('10000000-0000-0000-0000-000000000009', '00000000-0000-0000-0000-000000000001', 'Chương Mỹ', 'CM'),
  ('10000000-0000-0000-0000-000000000010', '00000000-0000-0000-0000-000000000001', 'Hà Nam', 'HN'),
  ('10000000-0000-0000-0000-000000000011', '00000000-0000-0000-0000-000000000001', 'Ninh Bình', 'NB')
ON CONFLICT (org_id, code) DO NOTHING;

-- Brands (7 brands from Excel)
INSERT INTO thac_brands (id, org_id, name, code, sort_order) VALUES
  ('20000000-0000-0000-0000-000000000001', '00000000-0000-0000-0000-000000000001', 'KIA', 'KIA', 1),
  ('20000000-0000-0000-0000-000000000002', '00000000-0000-0000-0000-000000000001', 'Mazda', 'MAZDA', 2),
  ('20000000-0000-0000-0000-000000000003', '00000000-0000-0000-0000-000000000001', 'Stellantis (Peugeot)', 'STELLANTIS', 3),
  ('20000000-0000-0000-0000-000000000004', '00000000-0000-0000-0000-000000000001', 'BMW', 'BMW', 4),
  ('20000000-0000-0000-0000-000000000005', '00000000-0000-0000-0000-000000000001', 'MINI', 'MINI', 5),
  ('20000000-0000-0000-0000-000000000006', '00000000-0000-0000-0000-000000000001', 'Tải / Bus', 'TAI_BUS', 6),
  ('20000000-0000-0000-0000-000000000007', '00000000-0000-0000-0000-000000000001', 'MTR', 'MTR', 7)
ON CONFLICT (org_id, code) DO NOTHING;

-- Vehicle Models — KIA
INSERT INTO thac_vehicle_models (brand_id, name, sort_order) VALUES
  ('20000000-0000-0000-0000-000000000001', 'New Carnival', 1),
  ('20000000-0000-0000-0000-000000000001', 'Sportage', 2),
  ('20000000-0000-0000-0000-000000000001', 'Carens', 3),
  ('20000000-0000-0000-0000-000000000001', 'New Sonet', 4),
  ('20000000-0000-0000-0000-000000000001', 'New Seltos', 5),
  ('20000000-0000-0000-0000-000000000001', 'New Sorento', 6),
  ('20000000-0000-0000-0000-000000000001', 'Kia K5', 7),
  ('20000000-0000-0000-0000-000000000001', 'New Morning', 8),
  ('20000000-0000-0000-0000-000000000001', 'K3', 9),
  ('20000000-0000-0000-0000-000000000001', 'Soluto', 10);

-- Vehicle Models — Mazda
INSERT INTO thac_vehicle_models (brand_id, name, sort_order) VALUES
  ('20000000-0000-0000-0000-000000000002', 'CX-90', 1),
  ('20000000-0000-0000-0000-000000000002', 'MX-5', 2),
  ('20000000-0000-0000-0000-000000000002', 'Mazda CX-8', 3),
  ('20000000-0000-0000-0000-000000000002', 'Mazda CX-5', 4),
  ('20000000-0000-0000-0000-000000000002', 'Mazda3', 5),
  ('20000000-0000-0000-0000-000000000002', 'CX-3', 6),
  ('20000000-0000-0000-0000-000000000002', 'CX-30', 7),
  ('20000000-0000-0000-0000-000000000002', 'Mazda2', 8);

-- Vehicle Models — Stellantis (Peugeot)
INSERT INTO thac_vehicle_models (brand_id, name, sort_order) VALUES
  ('20000000-0000-0000-0000-000000000003', '408', 1),
  ('20000000-0000-0000-0000-000000000003', '2008', 2),
  ('20000000-0000-0000-0000-000000000003', '3008', 3),
  ('20000000-0000-0000-0000-000000000003', '5008', 4);

-- Vehicle Models — BMW (with sub_groups)
INSERT INTO thac_vehicle_models (brand_id, name, sub_group, sort_order) VALUES
  ('20000000-0000-0000-0000-000000000004', '3 Series (SK 2025, 2026)', 'Nhóm doanh số chính', 1),
  ('20000000-0000-0000-0000-000000000004', 'X3 All New', 'Nhóm doanh số chính', 2),
  ('20000000-0000-0000-0000-000000000004', '520i All New (SK 2025, 2026)', 'Nhóm doanh số chính', 3),
  ('20000000-0000-0000-0000-000000000004', '4 Series (MSP)', 'Nhóm doanh số chính', 4),
  ('20000000-0000-0000-0000-000000000004', '530i All New (SK 2025, 2026)', 'Nhóm cao cấp', 5),
  ('20000000-0000-0000-0000-000000000004', '7 Series (SK 2025, 2026)', 'Nhóm cao cấp', 6),
  ('20000000-0000-0000-0000-000000000004', 'X7 (SK 2025, 2026)', 'Nhóm cao cấp', 7),
  ('20000000-0000-0000-0000-000000000004', 'M', 'Nhóm cao cấp', 8),
  ('20000000-0000-0000-0000-000000000004', '3 Series (SK 2023, 2024)', 'Nhóm Clear stock', 9),
  ('20000000-0000-0000-0000-000000000004', 'X3 (SK 2024)', 'Nhóm Clear stock', 10),
  ('20000000-0000-0000-0000-000000000004', '520i CKD (SK 2022, 2023)', 'Nhóm Clear stock', 11);

-- Vehicle Models — Tải / Bus
INSERT INTO thac_vehicle_models (brand_id, name, sort_order) VALUES
  ('20000000-0000-0000-0000-000000000006', 'Tải Van', 1),
  ('20000000-0000-0000-0000-000000000006', 'Tải nhẹ máy xăng', 2),
  ('20000000-0000-0000-0000-000000000006', 'Tải nhẹ máy dầu', 3),
  ('20000000-0000-0000-0000-000000000006', 'Tải trung - Ben trung', 4),
  ('20000000-0000-0000-0000-000000000006', 'Đầu kéo - Tải nặng - Ben nặng', 5),
  ('20000000-0000-0000-0000-000000000006', 'Bus', 6),
  ('20000000-0000-0000-0000-000000000006', 'Mini Bus', 7);

-- Channels (from Excel CODE sheet)
INSERT INTO thac_channels (id, org_id, name, category, sort_order) VALUES
  ('30000000-0000-0000-0000-000000000001', '00000000-0000-0000-0000-000000000001', 'Google', 'DIGITAL', 1),
  ('30000000-0000-0000-0000-000000000002', '00000000-0000-0000-0000-000000000001', 'Facebook', 'DIGITAL', 2),
  ('30000000-0000-0000-0000-000000000003', '00000000-0000-0000-0000-000000000001', 'Khác (TikTok, Zalo,...)', 'DIGITAL', 3),
  ('30000000-0000-0000-0000-000000000004', '00000000-0000-0000-0000-000000000001', 'Sự kiện', 'SỰ KIỆN', 4),
  ('30000000-0000-0000-0000-000000000005', '00000000-0000-0000-0000-000000000001', 'CSKH', 'CSKH', 5),
  ('30000000-0000-0000-0000-000000000006', '00000000-0000-0000-0000-000000000001', 'Nhận diện', 'NHẬN DIỆN', 6)
ON CONFLICT (org_id, name) DO NOTHING;

-- Showroom ↔ Brand mappings (based on Excel analysis)
-- PVĐ: KIA, Mazda, Peugeot
INSERT INTO thac_showroom_brands (showroom_id, brand_id) VALUES
  ('10000000-0000-0000-0000-000000000001', '20000000-0000-0000-0000-000000000001'),
  ('10000000-0000-0000-0000-000000000001', '20000000-0000-0000-0000-000000000002'),
  ('10000000-0000-0000-0000-000000000001', '20000000-0000-0000-0000-000000000003'),
-- Đông Trù: KIA, Mazda
  ('10000000-0000-0000-0000-000000000002', '20000000-0000-0000-0000-000000000001'),
  ('10000000-0000-0000-0000-000000000002', '20000000-0000-0000-0000-000000000002'),
-- Giải Phóng: KIA, Mazda
  ('10000000-0000-0000-0000-000000000003', '20000000-0000-0000-0000-000000000001'),
  ('10000000-0000-0000-0000-000000000003', '20000000-0000-0000-0000-000000000002'),
-- Bạch Đằng/TKC: KIA, Mazda
  ('10000000-0000-0000-0000-000000000004', '20000000-0000-0000-0000-000000000001'),
  ('10000000-0000-0000-0000-000000000004', '20000000-0000-0000-0000-000000000002'),
-- NVC: KIA, Mazda
  ('10000000-0000-0000-0000-000000000005', '20000000-0000-0000-0000-000000000001'),
  ('10000000-0000-0000-0000-000000000005', '20000000-0000-0000-0000-000000000002'),
-- Đài Tư: Tải/Bus
  ('10000000-0000-0000-0000-000000000006', '20000000-0000-0000-0000-000000000006'),
-- BMW Long Biên: BMW, MINI
  ('10000000-0000-0000-0000-000000000007', '20000000-0000-0000-0000-000000000004'),
  ('10000000-0000-0000-0000-000000000007', '20000000-0000-0000-0000-000000000005'),
-- Lê Văn Lương: BMW, MINI
  ('10000000-0000-0000-0000-000000000008', '20000000-0000-0000-0000-000000000004'),
  ('10000000-0000-0000-0000-000000000008', '20000000-0000-0000-0000-000000000005'),
-- Chương Mỹ: KIA, Mazda
  ('10000000-0000-0000-0000-000000000009', '20000000-0000-0000-0000-000000000001'),
  ('10000000-0000-0000-0000-000000000009', '20000000-0000-0000-0000-000000000002'),
-- Hà Nam: KIA, Mazda
  ('10000000-0000-0000-0000-000000000010', '20000000-0000-0000-0000-000000000001'),
  ('10000000-0000-0000-0000-000000000010', '20000000-0000-0000-0000-000000000002'),
-- Ninh Bình: KIA, Mazda
  ('10000000-0000-0000-0000-000000000011', '20000000-0000-0000-0000-000000000001'),
  ('10000000-0000-0000-0000-000000000011', '20000000-0000-0000-0000-000000000002')
ON CONFLICT (showroom_id, brand_id) DO NOTHING;
